{"cameraMode":{"drawMode":0,"name":"Shaded","section":"Shading Mode"},"sceneLighting":false,"audioPlay":false,"sceneViewState":{"m_AlwaysRefresh":false,"showFog":true,"showSkybox":true,"showFlares":true,"showImageEffects":true,"showParticleSystems":true,"showVisualEffectGraphs":true,"m_FxEnabled":true},"in2DMode":false,"pivot":{"x":435.0826416015625,"y":129.95530700683595,"z":183.39564514160157},"rotation":{"x":-0.08796651661396027,"y":-0.8807079195976257,"z":0.42902863025665285,"w":-0.18054963648319245},"size":511.59600830078127,"orthographic":false}