{"cameraMode":{"drawMode":0,"name":"Shaded","section":"Shading Mode"},"sceneLighting":false,"audioPlay":false,"sceneViewState":{"m_AlwaysRefresh":false,"showFog":true,"showSkybox":true,"showFlares":true,"showImageEffects":true,"showParticleSystems":true,"showVisualEffectGraphs":true,"m_FxEnabled":true},"in2DMode":false,"pivot":{"x":368.5980224609375,"y":106.79656982421875,"z":205.62692260742188},"rotation":{"x":0.0070132543332874779,"y":-0.8605589270591736,"z":0.5092110633850098,"w":0.011874202638864518},"size":375.50482177734377,"orthographic":false}